{
    "best_parameters": [
        0.3791254348993271,
        0.8868004157013443,
        1.2850893147589428,
        1.940525384790957,
        30
    ],
    "best_result": 4,
    "n_calls": 2,
    "n_random_starts": 1,
    "runtime": 1,
    "validation_fold": 0
}